sps,test,model,score,Cutoff,Sensitivity,Specificity
Aebu,KAPPA,GLM,0.79,966,86.6,98.94
Aebu,KAPPA,ANN,0.79,961,89.36,98.78
Aebu,KAPPA,SRE,0.72,495,82.34,98.52
Aebu,KAPPA,RF,0.86,978,85.96,99.61
Aebu,TSS,GLM,0.94,914,96.81,97.46
Aebu,TSS,ANN,0.95,364,97.87,96.83
Aebu,TSS,SRE,0.81,495,82.34,98.52
Aebu,TSS,RF,0.96,55,98.72,97.44
Aebu,ROC,GLM,0.99,NA,NA,NA
Aebu,ROC,ANN,0.99,NA,NA,NA
Aebu,ROC,SRE,0.9,NA,NA,NA
Aebu,ROC,RF,0.99,NA,NA,NA
Aebu,FAR,GLM,0.75,966,86.6,98.94
Aebu,FAR,ANN,0.72,967,88.3,98.8
Aebu,FAR,SRE,0.65,495,82.34,98.52
Aebu,FAR,RF,0.89,984,85.53,99.63
Aebu,SR,GLM,0.75,966,86.6,98.94
Aebu,SR,ANN,0.72,967,88.3,98.8
Aebu,SR,SRE,0.65,495,82.34,98.52
Aebu,SR,RF,0.89,984,85.53,99.63
Aebu,ACCURACY,GLM,0.99,966,86.6,98.94
Aebu,ACCURACY,ANN,0.98,961,89.36,98.78
Aebu,ACCURACY,SRE,0.98,495,82.34,98.52
Aebu,ACCURACY,RF,0.99,980,85.96,99.61
Aebu,BIAS,GLM,0.86,966,86.6,98.94
Aebu,BIAS,ANN,0.79,977,87.23,98.82
Aebu,BIAS,SRE,0.74,495,82.34,98.52
Aebu,BIAS,RF,1,967,86.38,99.52
Aebu,POD,GLM,1,25,100,91.35
Aebu,POD,ANN,1,58,99.79,38.46
Aebu,POD,SRE,0.82,495,82.34,98.52
Aebu,POD,RF,0.99,28,99.57,58.13
Aebu,CSI,GLM,0.67,966,86.6,98.94
Aebu,CSI,ANN,0.66,961,89.36,98.78
Aebu,CSI,SRE,0.57,495,82.34,98.52
Aebu,CSI,RF,0.77,978,85.96,99.61
Aebu,ETS,GLM,0.66,966,86.6,98.94
Aebu,ETS,ANN,0.65,961,89.36,98.78
Aebu,ETS,SRE,0.56,495,82.34,98.52
Aebu,ETS,RF,0.76,978,85.96,99.61
Alim,KAPPA,GLM,0.18,947,50,98.26
Alim,KAPPA,ANN,0.21,911,56.67,97.83
Alim,KAPPA,SRE,0.01,495,53.33,74.4
Alim,KAPPA,RF,0.55,984,65,99.69
Alim,TSS,GLM,0.76,454,91.67,84.01
Alim,TSS,ANN,0.8,398,88.33,91.4
Alim,TSS,SRE,0.28,495,53.33,74.4
Alim,TSS,RF,0.88,72,95,76.03
Alim,ROC,GLM,0.93,NA,NA,NA
Alim,ROC,ANN,0.9,NA,NA,NA
Alim,ROC,SRE,0.64,NA,NA,NA
Alim,ROC,RF,0.96,NA,NA,NA
Alim,FAR,GLM,0.13,949,45,98.53
Alim,FAR,ANN,0.19,913,53.33,97.92
Alim,FAR,SRE,0.01,495,53.33,74.4
Alim,FAR,RF,0.5,986,63.33,99.69
Alim,SR,GLM,0.13,949,45,98.53
Alim,SR,ANN,0.19,913,53.33,97.92
Alim,SR,SRE,0.01,495,53.33,74.4
Alim,SR,RF,0.5,986,63.33,99.69
Alim,ACCURACY,GLM,1,964,3.33,99.94
Alim,ACCURACY,ANN,1,960,13.33,99.28
Alim,ACCURACY,SRE,1,1000,53.33,74.4
Alim,ACCURACY,RF,1,992,63.33,99.73
Alim,BIAS,GLM,0.22,958,11.67,99.74
Alim,BIAS,ANN,0.1,959,15,99.27
Alim,BIAS,SRE,0,1000,53.33,74.4
Alim,BIAS,RF,0.62,989,63.33,99.71
Alim,POD,GLM,1,96,100,59
Alim,POD,ANN,0.97,99,96.67,54.71
Alim,POD,SRE,0.53,495,53.33,74.4
Alim,POD,RF,0.93,61,95,75
Alim,CSI,GLM,0.1,947,50,98.26
Alim,CSI,ANN,0.12,911,56.67,97.83
Alim,CSI,SRE,0.01,495,53.33,74.4
Alim,CSI,RF,0.4,984,65,99.69
Alim,ETS,GLM,0.1,947,50,98.26
Alim,ETS,ANN,0.12,911,56.67,97.83
Alim,ETS,SRE,0,495,53.33,74.4
Alim,ETS,RF,0.4,984,65,99.69
Atam,KAPPA,GLM,0.88,800,92.8,96.03
Atam,KAPPA,ANN,0.92,806,94.72,97.26
Atam,KAPPA,SRE,0.87,495,88.49,96.98
Atam,KAPPA,RF,0.96,637,96.84,98.91
Atam,TSS,GLM,0.89,782,93.07,95.84
Atam,TSS,ANN,0.92,712,95.27,96.91
Atam,TSS,SRE,0.85,495,88.49,96.98
Atam,TSS,RF,0.96,379,97.64,98.41
Atam,ROC,GLM,0.98,NA,NA,NA
Atam,ROC,ANN,0.98,NA,NA,NA
Atam,ROC,SRE,0.93,NA,NA,NA
Atam,ROC,RF,1,NA,NA,NA
Atam,FAR,GLM,0.98,966,54.7,99.42
Atam,FAR,ANN,0.97,973,70.14,99.06
Atam,FAR,SRE,0.93,495,88.49,96.98
Atam,FAR,RF,0.99,988,93.28,99.72
Atam,SR,GLM,0.98,966,54.7,99.42
Atam,SR,ANN,0.97,973,70.14,99.06
Atam,SR,SRE,0.93,495,88.49,96.98
Atam,SR,RF,0.99,988,93.28,99.72
Atam,ACCURACY,GLM,0.95,800,92.8,96.04
Atam,ACCURACY,ANN,0.97,810,94.67,97.29
Atam,ACCURACY,SRE,0.94,495,88.49,96.98
Atam,ACCURACY,RF,0.98,655,96.71,98.97
Atam,BIAS,GLM,0.99,807,92.71,96.09
Atam,BIAS,ANN,1,822,94,97.35
Atam,BIAS,SRE,0.95,495,88.49,96.98
Atam,BIAS,RF,1,544,97.03,98.66
Atam,POD,GLM,1,18,100,0
Atam,POD,ANN,0.99,23,99.69,11.98
Atam,POD,SRE,0.88,495,88.49,96.98
Atam,POD,RF,1,3,100,0
Atam,CSI,GLM,0.85,800,92.8,96.03
Atam,CSI,ANN,0.89,806,94.72,97.26
Atam,CSI,SRE,0.83,495,88.49,96.98
Atam,CSI,RF,0.95,637,96.84,98.91
Atam,ETS,GLM,0.79,800,92.8,96.03
Atam,ETS,ANN,0.85,806,94.72,97.26
Atam,ETS,SRE,0.76,495,88.49,96.98
Atam,ETS,RF,0.92,637,96.84,98.91
Aton,KAPPA,GLM,0.96,800,98.33,98.19
Aton,KAPPA,ANN,0.95,746,97.51,97.99
Aton,KAPPA,SRE,0.91,495,90.51,98.8
Aton,KAPPA,RF,0.99,576,99.11,99.58
Aton,TSS,GLM,0.97,769,98.42,98.13
Aton,TSS,ANN,0.96,610,97.99,97.62
Aton,TSS,SRE,0.89,495,90.51,98.8
Aton,TSS,RF,0.99,410,99.29,99.45
Aton,ROC,GLM,0.99,NA,NA,NA
Aton,ROC,ANN,0.99,NA,NA,NA
Aton,ROC,SRE,0.95,NA,NA,NA
Aton,ROC,RF,1,NA,NA,NA
Aton,FAR,GLM,0.98,978,87.32,99.35
Aton,FAR,ANN,0.98,978,86.91,99.17
Aton,FAR,SRE,0.97,495,90.51,98.8
Aton,FAR,RF,1,972,97.89,99.88
Aton,SR,GLM,0.98,978,87.32,99.35
Aton,SR,ANN,0.98,978,86.91,99.17
Aton,SR,SRE,0.97,495,90.51,98.8
Aton,SR,RF,1,972,97.89,99.88
Aton,ACCURACY,GLM,0.98,825,98.04,98.32
Aton,ACCURACY,ANN,0.98,759,97.43,98.02
Aton,ACCURACY,SRE,0.96,495,90.51,98.8
Aton,ACCURACY,RF,0.99,662,98.98,99.63
Aton,BIAS,GLM,1,899,96.87,98.56
Aton,BIAS,ANN,1,771,96.13,98.27
Aton,BIAS,SRE,0.93,495,90.51,98.8
Aton,BIAS,RF,1,597,98.95,99.53
Aton,POD,GLM,1,6,99.9,36.63
Aton,POD,ANN,1,7,100,0
Aton,POD,SRE,0.9,495,90.51,98.8
Aton,POD,RF,1,1,100,0
Aton,CSI,GLM,0.95,800,98.33,98.19
Aton,CSI,ANN,0.93,746,97.51,97.99
Aton,CSI,SRE,0.88,495,90.51,98.8
Aton,CSI,RF,0.98,576,99.11,99.58
Aton,ETS,GLM,0.92,800,98.33,98.19
Aton,ETS,ANN,0.9,746,97.51,97.99
Aton,ETS,SRE,0.84,495,90.51,98.8
Aton,ETS,RF,0.97,576,99.11,99.58
Bsch,KAPPA,GLM,0.96,413,99.4,96.7
Bsch,KAPPA,ANN,0.96,443,99.13,96.56
Bsch,KAPPA,SRE,0.88,495,89.54,98.9
Bsch,KAPPA,RF,0.99,466,99.65,98.98
Bsch,TSS,GLM,0.96,476,99.31,96.79
Bsch,TSS,ANN,0.96,505,99.01,96.68
Bsch,TSS,SRE,0.88,495,89.54,98.9
Bsch,TSS,RF,0.99,466,99.65,98.98
Bsch,ROC,GLM,0.99,NA,NA,NA
Bsch,ROC,ANN,0.99,NA,NA,NA
Bsch,ROC,SRE,0.94,NA,NA,NA
Bsch,ROC,RF,1,NA,NA,NA
Bsch,FAR,GLM,0.99,975,90.03,98.77
Bsch,FAR,ANN,0.99,979,92.18,98.92
Bsch,FAR,SRE,0.99,495,89.54,98.9
Bsch,FAR,RF,1,989,98.3,99.68
Bsch,SR,GLM,0.99,975,90.03,98.77
Bsch,SR,ANN,0.99,979,92.18,98.92
Bsch,SR,SRE,0.99,495,89.54,98.9
Bsch,SR,RF,1,989,98.3,99.68
Bsch,ACCURACY,GLM,0.98,409,99.41,96.7
Bsch,ACCURACY,ANN,0.98,430,99.14,96.54
Bsch,ACCURACY,SRE,0.94,495,89.54,98.9
Bsch,ACCURACY,RF,0.99,455,99.66,98.97
Bsch,BIAS,GLM,1,848,97.87,97.53
Bsch,BIAS,ANN,1,799,97.57,97.6
Bsch,BIAS,SRE,0.91,495,89.54,98.9
Bsch,BIAS,RF,1,727,99.29,99.19
Bsch,POD,GLM,1,3,100,18.72
Bsch,POD,ANN,1,3,100,0
Bsch,POD,SRE,0.9,495,89.54,98.9
Bsch,POD,RF,1,0,100,0
Bsch,CSI,GLM,0.96,398,99.41,96.69
Bsch,CSI,ANN,0.96,427,99.15,96.53
Bsch,CSI,SRE,0.89,495,89.54,98.9
Bsch,CSI,RF,0.99,391,99.71,98.9
Bsch,ETS,GLM,0.93,413,99.4,96.7
Bsch,ETS,ANN,0.92,443,99.13,96.56
Bsch,ETS,SRE,0.79,495,89.54,98.9
Bsch,ETS,RF,0.97,466,99.65,98.98
Bvio,KAPPA,GLM,0.97,919,98.8,99.09
Bvio,KAPPA,ANN,0.98,905,98.7,99.37
Bvio,KAPPA,SRE,0.92,495,88.95,99.62
Bvio,KAPPA,RF,0.98,507,98.7,99.54
Bvio,TSS,GLM,0.98,680,99.44,98.7
Bvio,TSS,ANN,0.98,544,99.35,99.06
Bvio,TSS,SRE,0.89,495,88.95,99.62
Bvio,TSS,RF,0.99,77,99.57,99.01
Bvio,ROC,GLM,1,NA,NA,NA
Bvio,ROC,ANN,1,NA,NA,NA
Bvio,ROC,SRE,0.94,NA,NA,NA
Bvio,ROC,RF,1,NA,NA,NA
Bvio,FAR,GLM,0.97,981,94.07,99.36
Bvio,FAR,ANN,0.98,982,96.39,99.54
Bvio,FAR,SRE,0.98,495,88.95,99.62
Bvio,FAR,RF,0.99,978,97.07,99.74
Bvio,SR,GLM,0.97,981,94.07,99.36
Bvio,SR,ANN,0.98,982,96.39,99.54
Bvio,SR,SRE,0.98,495,88.95,99.62
Bvio,SR,RF,0.99,978,97.07,99.74
Bvio,ACCURACY,GLM,0.99,927,98.55,99.13
Bvio,ACCURACY,ANN,0.99,910,98.67,99.39
Bvio,ACCURACY,SRE,0.98,495,88.95,99.62
Bvio,ACCURACY,RF,0.99,554,98.64,99.55
Bvio,BIAS,GLM,0.99,970,96.7,99.24
Bvio,BIAS,ANN,1,974,97.56,99.46
Bvio,BIAS,SRE,0.91,495,88.95,99.62
Bvio,BIAS,RF,1,734,98.12,99.57
Bvio,POD,GLM,1,154,99.78,58.91
Bvio,POD,ANN,1,28,99.91,58.93
Bvio,POD,SRE,0.89,495,88.95,99.62
Bvio,POD,RF,1,3,100,19.58
Bvio,CSI,GLM,0.95,919,98.8,99.09
Bvio,CSI,ANN,0.96,905,98.7,99.37
Bvio,CSI,SRE,0.88,495,88.95,99.62
Bvio,CSI,RF,0.97,507,98.7,99.54
Bvio,ETS,GLM,0.94,919,98.8,99.09
Bvio,ETS,ANN,0.95,905,98.7,99.37
Bvio,ETS,SRE,0.85,495,88.95,99.62
Bvio,ETS,RF,0.96,507,98.7,99.54
Cfra,KAPPA,GLM,0.73,968,92.65,98.9
Cfra,KAPPA,ANN,0.75,974,91.02,99.11
Cfra,KAPPA,SRE,0.79,495,86.53,99.42
Cfra,KAPPA,RF,0.8,752,86.94,99.47
Cfra,TSS,GLM,0.96,547,97.55,98.54
Cfra,TSS,ANN,0.96,254,98.37,78.21
Cfra,TSS,SRE,0.86,495,86.53,99.42
Cfra,TSS,RF,0.96,55,98.37,78.76
Cfra,ROC,GLM,0.98,NA,NA,NA
Cfra,ROC,ANN,1,NA,NA,NA
Cfra,ROC,SRE,0.93,NA,NA,NA
Cfra,ROC,RF,0.99,NA,NA,NA
Cfra,FAR,GLM,0.61,980,90.61,98.95
Cfra,FAR,ANN,0.65,983,87.75,99.17
Cfra,FAR,SRE,0.73,495,86.53,99.42
Cfra,FAR,RF,0.77,966,80.82,99.58
Cfra,SR,GLM,0.61,980,90.61,98.95
Cfra,SR,ANN,0.65,983,87.75,99.17
Cfra,SR,SRE,0.73,495,86.53,99.42
Cfra,SR,RF,0.77,966,80.82,99.58
Cfra,ACCURACY,GLM,0.99,978,91.02,98.93
Cfra,ACCURACY,ANN,0.99,977,89.8,99.12
Cfra,ACCURACY,SRE,0.99,495,86.53,99.42
Cfra,ACCURACY,RF,0.99,881,84.08,99.53
Cfra,BIAS,GLM,0.54,980,90.61,98.95
Cfra,BIAS,ANN,0.66,983,87.75,99.17
Cfra,BIAS,SRE,0.81,495,86.53,99.42
Cfra,BIAS,RF,0.98,990,78.78,99.58
Cfra,POD,GLM,0.98,285,97.55,98.34
Cfra,POD,ANN,1,14,100,0
Cfra,POD,SRE,0.87,495,86.53,99.42
Cfra,POD,RF,1,25,100,19.65
Cfra,CSI,GLM,0.58,968,92.65,98.9
Cfra,CSI,ANN,0.61,974,91.02,99.11
Cfra,CSI,SRE,0.65,495,86.53,99.42
Cfra,CSI,RF,0.67,752,86.94,99.47
Cfra,ETS,GLM,0.57,968,92.65,98.9
Cfra,ETS,ANN,0.6,974,91.02,99.11
Cfra,ETS,SRE,0.65,495,86.53,99.42
Cfra,ETS,RF,0.66,752,86.94,99.47
Cint,KAPPA,GLM,0.97,729,99.11,98.19
Cint,KAPPA,ANN,0.97,578,99.34,98.38
Cint,KAPPA,SRE,0.88,495,85.77,99.32
Cint,KAPPA,RF,0.98,598,99.34,99.16
Cint,TSS,GLM,0.97,466,99.53,97.86
Cint,TSS,ANN,0.98,504,99.42,98.32
Cint,TSS,SRE,0.85,495,85.77,99.32
Cint,TSS,RF,0.99,506,99.42,99.1
Cint,ROC,GLM,1,NA,NA,NA
Cint,ROC,ANN,1,NA,NA,NA
Cint,ROC,SRE,0.93,NA,NA,NA
Cint,ROC,RF,1,NA,NA,NA
Cint,FAR,GLM,0.98,979,94.36,99.06
Cint,FAR,ANN,0.98,981,94.81,99.08
Cint,FAR,SRE,0.99,495,85.77,99.32
Cint,FAR,RF,1,989,97.37,99.71
Cint,SR,GLM,0.98,979,94.36,99.06
Cint,SR,ANN,0.98,981,94.81,99.08
Cint,SR,SRE,0.99,495,85.77,99.32
Cint,SR,RF,1,989,97.37,99.71
Cint,ACCURACY,GLM,0.98,730,99.1,98.19
Cint,ACCURACY,ANN,0.99,584,99.33,98.38
Cint,ACCURACY,SRE,0.95,495,85.77,99.32
Cint,ACCURACY,RF,0.99,638,99.29,99.18
Cint,BIAS,GLM,1,948,97.59,98.65
Cint,BIAS,ANN,1,949,97.64,98.71
Cint,BIAS,SRE,0.87,495,85.77,99.32
Cint,BIAS,RF,1,861,98.85,99.35
Cint,POD,GLM,1,12,99.97,19.43
Cint,POD,ANN,1,8,100,38.2
Cint,POD,SRE,0.86,495,85.77,99.32
Cint,POD,RF,1,1,100,0
Cint,CSI,GLM,0.96,729,99.11,98.19
Cint,CSI,ANN,0.97,578,99.34,98.38
Cint,CSI,SRE,0.85,495,85.77,99.32
Cint,CSI,RF,0.98,598,99.34,99.16
Cint,ETS,GLM,0.94,729,99.11,98.19
Cint,ETS,ANN,0.95,578,99.34,98.38
Cint,ETS,SRE,0.78,495,85.77,99.32
Cint,ETS,RF,0.97,598,99.34,99.16
Cmae,KAPPA,GLM,0.98,393,99.65,98.61
Cmae,KAPPA,ANN,0.98,182,99.63,98.95
Cmae,KAPPA,SRE,0.75,495,87.62,99.76
Cmae,KAPPA,RF,0.99,527,99.68,99.13
Cmae,TSS,GLM,0.99,933,99.45,99.15
Cmae,TSS,ANN,0.99,473,99.54,99.14
Cmae,TSS,SRE,0.87,495,87.62,99.76
Cmae,TSS,RF,0.99,944,99.45,99.49
Cmae,ROC,GLM,1,NA,NA,NA
Cmae,ROC,ANN,1,NA,NA,NA
Cmae,ROC,SRE,0.94,NA,NA,NA
Cmae,ROC,RF,1,NA,NA,NA
Cmae,FAR,GLM,1,981,97.73,99.43
Cmae,FAR,ANN,1,983,98.07,99.49
Cmae,FAR,SRE,1,495,87.62,99.76
Cmae,FAR,RF,1,986,99.3,99.59
Cmae,SR,GLM,1,981,97.73,99.43
Cmae,SR,ANN,1,983,98.07,99.49
Cmae,SR,SRE,1,495,87.62,99.76
Cmae,SR,RF,1,986,99.3,99.59
Cmae,ACCURACY,GLM,0.99,389,99.65,98.6
Cmae,ACCURACY,ANN,0.99,164,99.63,98.92
Cmae,ACCURACY,SRE,0.9,495,87.62,99.76
Cmae,ACCURACY,RF,1,468,99.71,99.04
Cmae,BIAS,GLM,1,401,99.61,98.52
Cmae,BIAS,ANN,1,57,99.67,98.74
Cmae,BIAS,SRE,0.88,495,87.62,99.76
Cmae,BIAS,RF,1,341,99.72,98.93
Cmae,POD,GLM,1,2,100,0
Cmae,POD,ANN,1,3,100,0
Cmae,POD,SRE,0.88,495,87.62,99.76
Cmae,POD,RF,1,0,100,0
Cmae,CSI,GLM,0.99,388,99.65,98.6
Cmae,CSI,ANN,0.99,60,99.67,98.77
Cmae,CSI,SRE,0.88,495,87.62,99.76
Cmae,CSI,RF,0.99,460,99.71,99.03
Cmae,ETS,GLM,0.97,393,99.65,98.61
Cmae,ETS,ANN,0.97,182,99.63,98.95
Cmae,ETS,SRE,0.6,495,87.62,99.76
Cmae,ETS,RF,0.97,527,99.68,99.13
Copi,KAPPA,GLM,0.96,184,99.16,96.55
Copi,KAPPA,ANN,0.97,292,99.36,98.04
Copi,KAPPA,SRE,0.7,495,85.24,99.55
Copi,KAPPA,RF,0.99,261,99.83,98.95
Copi,TSS,GLM,0.96,604,98.8,97.27
Copi,TSS,ANN,0.98,650,99.13,98.58
Copi,TSS,SRE,0.85,495,85.24,99.55
Copi,TSS,RF,0.99,811,99.67,99.26
Copi,ROC,GLM,0.99,NA,NA,NA
Copi,ROC,ANN,0.99,NA,NA,NA
Copi,ROC,SRE,0.92,NA,NA,NA
Copi,ROC,RF,1,NA,NA,NA
Copi,FAR,GLM,1,878,85.39,98.43
Copi,FAR,ANN,1,980,88.89,99.16
Copi,FAR,SRE,1,495,85.24,99.55
Copi,FAR,RF,1,988,99.2,99.43
Copi,SR,GLM,1,878,85.39,98.43
Copi,SR,ANN,1,980,88.89,99.16
Copi,SR,SRE,1,495,85.24,99.55
Copi,SR,RF,1,988,99.2,99.43
Copi,ACCURACY,GLM,0.99,174,99.18,96.48
Copi,ACCURACY,ANN,0.99,290,99.36,98.03
Copi,ACCURACY,SRE,0.88,495,85.24,99.55
Copi,ACCURACY,RF,1,236,99.84,98.92
Copi,BIAS,GLM,1,498,98.87,97.1
Copi,BIAS,ANN,1,116,99.37,97.61
Copi,BIAS,SRE,0.85,495,85.24,99.55
Copi,BIAS,RF,1,504,99.75,99.08
Copi,POD,GLM,0.99,100,99.44,19.25
Copi,POD,ANN,1,4,100,0
Copi,POD,SRE,0.85,495,85.24,99.55
Copi,POD,RF,1,0,100,0
Copi,CSI,GLM,0.98,153,99.24,96.26
Copi,CSI,ANN,0.99,289,99.36,98.03
Copi,CSI,SRE,0.85,495,85.24,99.55
Copi,CSI,RF,1,212,99.84,98.88
Copi,ETS,GLM,0.92,184,99.16,96.55
Copi,ETS,ANN,0.95,292,99.36,98.04
Copi,ETS,SRE,0.54,495,85.24,99.55
Copi,ETS,RF,0.98,261,99.83,98.95
Dcau,KAPPA,GLM,0.95,639,98.05,97.25
Dcau,KAPPA,ANN,0.96,261,98.58,97.33
Dcau,KAPPA,SRE,0.76,495,84.04,96.76
Dcau,KAPPA,RF,0.98,603,99.11,98.96
Dcau,TSS,GLM,0.95,666,97.99,97.33
Dcau,TSS,ANN,0.96,488,98.28,97.82
Dcau,TSS,SRE,0.81,495,84.04,96.76
Dcau,TSS,RF,0.98,795,98.88,99.22
Dcau,ROC,GLM,0.99,NA,NA,NA
Dcau,ROC,ANN,0.99,NA,NA,NA
Dcau,ROC,SRE,0.9,NA,NA,NA
Dcau,ROC,RF,1,NA,NA,NA
Dcau,FAR,GLM,1,978,77.64,99.49
Dcau,FAR,ANN,1,981,91.66,99.27
Dcau,FAR,SRE,0.98,495,84.04,96.76
Dcau,FAR,RF,1,987,97.88,99.65
Dcau,SR,GLM,1,978,77.64,99.49
Dcau,SR,ANN,1,981,91.66,99.27
Dcau,SR,SRE,0.98,495,84.04,96.76
Dcau,SR,RF,1,987,97.88,99.65
Dcau,ACCURACY,GLM,0.98,554,98.18,96.98
Dcau,ACCURACY,ANN,0.98,260,98.58,97.32
Dcau,ACCURACY,SRE,0.88,495,84.04,96.76
Dcau,ACCURACY,RF,0.99,557,99.13,98.89
Dcau,BIAS,GLM,1,455,98.26,96.58
Dcau,BIAS,ANN,1,223,98.56,97.17
Dcau,BIAS,SRE,0.86,495,84.04,96.76
Dcau,BIAS,RF,1,353,99.25,98.52
Dcau,POD,GLM,1,6,100,0
Dcau,POD,ANN,1,9,100,0
Dcau,POD,SRE,0.84,495,84.04,96.76
Dcau,POD,RF,1,1,100,0
Dcau,CSI,GLM,0.97,538,98.2,96.94
Dcau,CSI,ANN,0.97,259,98.59,97.3
Dcau,CSI,SRE,0.83,495,84.04,96.76
Dcau,CSI,RF,0.99,406,99.26,98.68
Dcau,ETS,GLM,0.91,639,98.05,97.25
Dcau,ETS,ANN,0.92,261,98.58,97.33
Dcau,ETS,SRE,0.61,495,84.04,96.76
Dcau,ETS,RF,0.96,603,99.11,98.96
Dcon,KAPPA,GLM,0.97,480,99.14,98.37
Dcon,KAPPA,ANN,0.97,699,99.47,98.47
Dcon,KAPPA,SRE,0.88,495,85.06,99.55
Dcon,KAPPA,RF,0.99,437,99.67,99.26
Dcon,TSS,GLM,0.98,480,99.14,98.37
Dcon,TSS,ANN,0.98,363,99.69,98.31
Dcon,TSS,SRE,0.85,495,85.06,99.55
Dcon,TSS,RF,0.99,394,99.7,99.24
Dcon,ROC,GLM,0.99,NA,NA,NA
Dcon,ROC,ANN,1,NA,NA,NA
Dcon,ROC,SRE,0.92,NA,NA,NA
Dcon,ROC,RF,1,NA,NA,NA
Dcon,FAR,GLM,0.98,783,97.59,98.7
Dcon,FAR,ANN,0.98,981,95.79,99.08
Dcon,FAR,SRE,0.99,495,85.06,99.55
Dcon,FAR,RF,0.99,973,97.88,99.61
Dcon,SR,GLM,0.98,783,97.59,98.7
Dcon,SR,ANN,0.98,981,95.79,99.08
Dcon,SR,SRE,0.99,495,85.06,99.55
Dcon,SR,RF,0.99,973,97.88,99.61
Dcon,ACCURACY,GLM,0.99,488,99.14,98.37
Dcon,ACCURACY,ANN,0.99,703,99.47,98.47
Dcon,ACCURACY,SRE,0.95,495,85.06,99.55
Dcon,ACCURACY,RF,0.99,488,99.63,99.28
Dcon,BIAS,GLM,0.99,773,98.29,98.62
Dcon,BIAS,ANN,1,945,97.98,98.86
Dcon,BIAS,SRE,0.86,495,85.06,99.55
Dcon,BIAS,RF,1,801,98.89,99.42
Dcon,POD,GLM,0.99,198,99.36,39.2
Dcon,POD,ANN,1,27,99.97,19.7
Dcon,POD,SRE,0.85,495,85.06,99.55
Dcon,POD,RF,1,0,100,0
Dcon,CSI,GLM,0.96,480,99.14,98.37
Dcon,CSI,ANN,0.97,699,99.47,98.47
Dcon,CSI,SRE,0.84,495,85.06,99.55
Dcon,CSI,RF,0.98,437,99.67,99.26
Dcon,ETS,GLM,0.94,480,99.14,98.37
Dcon,ETS,ANN,0.95,699,99.47,98.47
Dcon,ETS,SRE,0.78,495,85.06,99.55
Dcon,ETS,RF,0.97,437,99.67,99.26
Dden,KAPPA,GLM,0.82,980,92.77,99.04
Dden,KAPPA,ANN,0.83,982,89.16,99.3
Dden,KAPPA,SRE,0.9,495,88.67,99.75
Dden,KAPPA,RF,0.92,931,91.33,99.8
Dden,TSS,GLM,0.97,251,99.76,97.13
Dden,TSS,ANN,0.96,359,98.31,97.57
Dden,TSS,SRE,0.88,495,88.67,99.75
Dden,TSS,RF,0.96,138,98.07,98.34
Dden,ROC,GLM,1,NA,NA,NA
Dden,ROC,ANN,0.99,NA,NA,NA
Dden,ROC,SRE,0.94,NA,NA,NA
Dden,ROC,RF,0.99,NA,NA,NA
Dden,FAR,GLM,0.75,980,92.77,99.04
Dden,FAR,ANN,0.8,982,89.16,99.3
Dden,FAR,SRE,0.91,495,88.67,99.75
Dden,FAR,RF,0.93,940,91.08,99.81
Dden,SR,GLM,0.75,980,92.77,99.04
Dden,SR,ANN,0.8,982,89.16,99.3
Dden,SR,SRE,0.91,495,88.67,99.75
Dden,SR,RF,0.93,940,91.08,99.81
Dden,ACCURACY,GLM,0.99,980,92.77,99.04
Dden,ACCURACY,ANN,0.99,982,89.16,99.3
Dden,ACCURACY,SRE,0.99,495,88.67,99.75
Dden,ACCURACY,RF,1,939,91.08,99.81
Dden,BIAS,GLM,0.77,980,92.77,99.04
Dden,BIAS,ANN,0.87,982,89.16,99.3
Dden,BIAS,SRE,0.97,495,88.67,99.75
Dden,BIAS,RF,1,911,91.57,99.74
Dden,POD,GLM,1,93,100,77.32
Dden,POD,ANN,1,15,100,57.82
Dden,POD,SRE,0.89,495,88.67,99.75
Dden,POD,RF,0.99,24,100,57.42
Dden,CSI,GLM,0.71,980,92.77,99.04
Dden,CSI,ANN,0.72,982,89.16,99.3
Dden,CSI,SRE,0.82,495,88.67,99.75
Dden,CSI,RF,0.86,931,91.33,99.8
Dden,ETS,GLM,0.7,980,92.77,99.04
Dden,ETS,ANN,0.72,982,89.16,99.3
Dden,ETS,SRE,0.81,495,88.67,99.75
Dden,ETS,RF,0.85,931,91.33,99.8
Gpol,KAPPA,GLM,0.73,591,85.58,89.54
Gpol,KAPPA,ANN,0.78,648,87.96,91.88
Gpol,KAPPA,SRE,0.56,495,79.77,80.06
Gpol,KAPPA,RF,0.94,734,94.74,98.41
Gpol,TSS,GLM,0.76,478,88.58,87.25
Gpol,TSS,ANN,0.81,457,91.54,89.31
Gpol,TSS,SRE,0.6,495,79.77,80.06
Gpol,TSS,RF,0.94,479,96.17,97.52
Gpol,ROC,GLM,0.94,NA,NA,NA
Gpol,ROC,ANN,0.96,NA,NA,NA
Gpol,ROC,SRE,0.8,NA,NA,NA
Gpol,ROC,RF,0.99,NA,NA,NA
Gpol,FAR,GLM,0.88,925,46.33,97.14
Gpol,FAR,ANN,0.94,956,42.48,98.8
Gpol,FAR,SRE,0.63,495,79.77,80.06
Gpol,FAR,RF,0.99,988,86.98,99.54
Gpol,SR,GLM,0.88,925,46.33,97.14
Gpol,SR,ANN,0.94,956,42.48,98.8
Gpol,SR,SRE,0.63,495,79.77,80.06
Gpol,SR,RF,0.99,988,86.98,99.54
Gpol,ACCURACY,GLM,0.88,653,82.96,90.75
Gpol,ACCURACY,ANN,0.91,650,87.94,91.88
Gpol,ACCURACY,SRE,0.8,495,79.77,80.06
Gpol,ACCURACY,RF,0.97,752,94.6,98.46
Gpol,BIAS,GLM,1,696,80.53,91.44
Gpol,BIAS,ANN,1,728,84.03,92.97
Gpol,BIAS,SRE,0.74,495,79.77,80.06
Gpol,BIAS,RF,1,614,95.3,97.97
Gpol,POD,GLM,1,30,100,7.81
Gpol,POD,ANN,1,27,99.9,7.82
Gpol,POD,SRE,0.8,495,79.77,80.06
Gpol,POD,RF,1,3,100,0
Gpol,CSI,GLM,0.69,566,86.64,88.9
Gpol,CSI,ANN,0.74,644,88.04,91.83
Gpol,CSI,SRE,0.55,495,79.77,80.06
Gpol,CSI,RF,0.91,734,94.74,98.41
Gpol,ETS,GLM,0.58,591,85.58,89.54
Gpol,ETS,ANN,0.65,648,87.96,91.88
Gpol,ETS,SRE,0.39,495,79.77,80.06
Gpol,ETS,RF,0.88,734,94.74,98.41
Htri,KAPPA,GLM,0.96,829,98.3,97.48
Htri,KAPPA,ANN,0.97,676,98.21,98.32
Htri,KAPPA,SRE,0.82,495,83.68,98.57
Htri,KAPPA,RF,0.98,375,99.4,98.87
Htri,TSS,GLM,0.96,829,98.3,97.48
Htri,TSS,ANN,0.97,676,98.21,98.32
Htri,TSS,SRE,0.82,495,83.68,98.57
Htri,TSS,RF,0.98,375,99.4,98.87
Htri,ROC,GLM,0.99,NA,NA,NA
Htri,ROC,ANN,0.99,NA,NA,NA
Htri,ROC,SRE,0.91,NA,NA,NA
Htri,ROC,RF,1,NA,NA,NA
Htri,FAR,GLM,0.99,975,82.69,99.23
Htri,FAR,ANN,0.99,981,91.7,99.07
Htri,FAR,SRE,0.98,495,83.68,98.57
Htri,FAR,RF,1,985,97.62,99.49
Htri,SR,GLM,0.99,975,82.69,99.23
Htri,SR,ANN,0.99,981,91.7,99.07
Htri,SR,SRE,0.98,495,83.68,98.57
Htri,SR,RF,1,985,97.62,99.49
Htri,ACCURACY,GLM,0.98,824,98.34,97.44
Htri,ACCURACY,ANN,0.98,667,98.22,98.31
Htri,ACCURACY,SRE,0.91,495,83.68,98.57
Htri,ACCURACY,RF,0.99,368,99.4,98.87
Htri,BIAS,GLM,1,859,97.9,97.63
Htri,BIAS,ANN,1,541,98.26,98.1
Htri,BIAS,SRE,0.85,495,83.68,98.57
Htri,BIAS,RF,1,621,99.1,99
Htri,POD,GLM,1,6,100,0
Htri,POD,ANN,1,10,100,0
Htri,POD,SRE,0.84,495,83.68,98.57
Htri,POD,RF,1,1,100,0
Htri,CSI,GLM,0.96,819,98.37,97.4
Htri,CSI,ANN,0.97,660,98.24,98.29
Htri,CSI,SRE,0.83,495,83.68,98.57
Htri,CSI,RF,0.98,345,99.41,98.85
Htri,ETS,GLM,0.92,829,98.3,97.48
Htri,ETS,ANN,0.93,676,98.21,98.32
Htri,ETS,SRE,0.69,495,83.68,98.57
Htri,ETS,RF,0.97,375,99.4,98.87
Llit,KAPPA,GLM,0.98,621,99.44,98.42
Llit,KAPPA,ANN,0.98,516,99.51,98.5
Llit,KAPPA,SRE,0.82,495,86.25,99.57
Llit,KAPPA,RF,0.99,417,99.8,99.22
Llit,TSS,GLM,0.98,621,99.44,98.42
Llit,TSS,ANN,0.98,582,99.45,98.56
Llit,TSS,SRE,0.86,495,86.25,99.57
Llit,TSS,RF,0.99,782,99.65,99.42
Llit,ROC,GLM,1,NA,NA,NA
Llit,ROC,ANN,1,NA,NA,NA
Llit,ROC,SRE,0.93,NA,NA,NA
Llit,ROC,RF,1,NA,NA,NA
Llit,FAR,GLM,1,978,91.5,99.36
Llit,FAR,ANN,0.99,980,92.97,99.19
Llit,FAR,SRE,1,495,86.25,99.57
Llit,FAR,RF,1,989,99,99.65
Llit,SR,GLM,1,978,91.5,99.36
Llit,SR,ANN,0.99,980,92.97,99.19
Llit,SR,SRE,1,495,86.25,99.57
Llit,SR,RF,1,989,99,99.65
Llit,ACCURACY,GLM,0.99,614,99.45,98.41
Llit,ACCURACY,ANN,0.99,441,99.53,98.46
Llit,ACCURACY,SRE,0.91,495,86.25,99.57
Llit,ACCURACY,RF,1,415,99.8,99.22
Llit,BIAS,GLM,1,758,99.09,98.53
Llit,BIAS,ANN,1,760,99.16,98.64
Llit,BIAS,SRE,0.87,495,86.25,99.57
Llit,BIAS,RF,1,810,99.61,99.36
Llit,POD,GLM,1,2,100,0
Llit,POD,ANN,1,2,100,0
Llit,POD,SRE,0.86,495,86.25,99.57
Llit,POD,RF,1,8,99.99,19.78
Llit,CSI,GLM,0.98,613,99.45,98.41
Llit,CSI,ANN,0.99,424,99.53,98.45
Llit,CSI,SRE,0.86,495,86.25,99.57
Llit,CSI,RF,0.99,376,99.8,99.21
Llit,ETS,GLM,0.96,621,99.44,98.42
Llit,ETS,ANN,0.96,516,99.51,98.5
Llit,ETS,SRE,0.7,495,86.25,99.57
Llit,ETS,RF,0.98,417,99.8,99.22
Mare,KAPPA,GLM,0.97,629,99.07,97.77
Mare,KAPPA,ANN,0.98,504,99.45,98.08
Mare,KAPPA,SRE,0.85,495,87.34,99.26
Mare,KAPPA,RF,0.99,606,99.54,98.91
Mare,TSS,GLM,0.97,855,98.8,98.08
Mare,TSS,ANN,0.98,504,99.45,98.08
Mare,TSS,SRE,0.87,495,87.34,99.26
Mare,TSS,RF,0.98,649,99.49,98.97
Mare,ROC,GLM,1,NA,NA,NA
Mare,ROC,ANN,1,NA,NA,NA
Mare,ROC,SRE,0.93,NA,NA,NA
Mare,ROC,RF,1,NA,NA,NA
Mare,FAR,GLM,0.99,979,95.26,98.86
Mare,FAR,ANN,0.99,982,94.44,99.08
Mare,FAR,SRE,0.99,495,87.34,99.26
Mare,FAR,RF,1,989,98.27,99.48
Mare,SR,GLM,0.99,979,95.26,98.86
Mare,SR,ANN,0.99,982,94.44,99.08
Mare,SR,SRE,0.99,495,87.34,99.26
Mare,SR,RF,1,989,98.27,99.48
Mare,ACCURACY,GLM,0.99,609,99.11,97.71
Mare,ACCURACY,ANN,0.99,483,99.47,98.06
Mare,ACCURACY,SRE,0.92,495,87.34,99.26
Mare,ACCURACY,RF,0.99,605,99.54,98.91
Mare,BIAS,GLM,1,889,98.58,98.13
Mare,BIAS,ANN,1,832,98.78,98.36
Mare,BIAS,SRE,0.88,495,87.34,99.26
Mare,BIAS,RF,1,812,99.31,99.09
Mare,POD,GLM,1,3,100,0
Mare,POD,ANN,1,3,100,0
Mare,POD,SRE,0.87,495,87.34,99.26
Mare,POD,RF,1,0,100,0
Mare,CSI,GLM,0.97,606,99.12,97.71
Mare,CSI,ANN,0.98,468,99.48,98.05
Mare,CSI,SRE,0.87,495,87.34,99.26
Mare,CSI,RF,0.99,604,99.55,98.91
Mare,ETS,GLM,0.94,629,99.07,97.77
Mare,ETS,ANN,0.95,504,99.45,98.08
Mare,ETS,SRE,0.74,495,87.34,99.26
Mare,ETS,RF,0.97,606,99.54,98.91
Mlei,KAPPA,GLM,0.96,930,97.09,99.1
Mlei,KAPPA,ANN,0.96,699,99.15,98.69
Mlei,KAPPA,SRE,0.94,495,92.69,99.55
Mlei,KAPPA,RF,0.98,198,98.73,99.37
Mlei,TSS,GLM,0.96,832,97.35,98.95
Mlei,TSS,ANN,0.98,496,99.75,98.35
Mlei,TSS,SRE,0.92,495,92.69,99.55
Mlei,TSS,RF,0.98,125,99.38,99.02
Mlei,ROC,GLM,0.99,NA,NA,NA
Mlei,ROC,ANN,0.99,NA,NA,NA
Mlei,ROC,SRE,0.96,NA,NA,NA
Mlei,ROC,RF,1,NA,NA,NA
Mlei,FAR,GLM,0.97,976,85.56,99.28
Mlei,FAR,ANN,0.96,976,96.05,99.17
Mlei,FAR,SRE,0.98,495,92.69,99.55
Mlei,FAR,RF,0.99,980,96.33,99.65
Mlei,SR,GLM,0.97,976,85.56,99.28
Mlei,SR,ANN,0.96,976,96.05,99.17
Mlei,SR,SRE,0.98,495,92.69,99.55
Mlei,SR,RF,0.99,980,96.33,99.65
Mlei,ACCURACY,GLM,0.99,943,97.07,99.11
Mlei,ACCURACY,ANN,0.99,803,98.65,98.81
Mlei,ACCURACY,SRE,0.98,495,92.69,99.55
Mlei,ACCURACY,RF,0.99,204,98.7,99.37
Mlei,BIAS,GLM,0.99,958,96.87,99.13
Mlei,BIAS,ANN,1,970,96.56,99.11
Mlei,BIAS,SRE,0.95,495,92.69,99.55
Mlei,BIAS,RF,1,400,97.6,99.43
Mlei,POD,GLM,1,14,99.92,48.89
Mlei,POD,ANN,1,241,99.83,78.67
Mlei,POD,SRE,0.93,495,92.69,99.55
Mlei,POD,RF,1,18,99.97,90.86
Mlei,CSI,GLM,0.94,930,97.09,99.1
Mlei,CSI,ANN,0.94,699,99.15,98.69
Mlei,CSI,SRE,0.91,495,92.69,99.55
Mlei,CSI,RF,0.96,198,98.73,99.37
Mlei,ETS,GLM,0.92,930,97.09,99.1
Mlei,ETS,ANN,0.93,699,99.15,98.69
Mlei,ETS,SRE,0.89,495,92.69,99.55
Mlei,ETS,RF,0.95,198,98.73,99.37
Mman,KAPPA,GLM,0.9,871,93.43,97.1
Mman,KAPPA,ANN,0.94,857,97.12,98.25
Mman,KAPPA,SRE,0.88,495,86.22,98.7
Mman,KAPPA,RF,0.98,746,98.15,99.45
Mman,TSS,GLM,0.92,630,96.84,95.28
Mman,TSS,ANN,0.96,560,98.27,97.67
Mman,TSS,SRE,0.85,495,86.22,98.7
Mman,TSS,RF,0.98,229,99.37,98.86
Mman,ROC,GLM,0.99,NA,NA,NA
Mman,ROC,ANN,0.99,NA,NA,NA
Mman,ROC,SRE,0.92,NA,NA,NA
Mman,ROC,RF,1,NA,NA,NA
Mman,FAR,GLM,0.96,964,62.61,99.23
Mman,FAR,ANN,0.96,976,89.57,98.99
Mman,FAR,SRE,0.95,495,86.22,98.7
Mman,FAR,RF,0.99,990,95.99,99.65
Mman,SR,GLM,0.96,964,62.61,99.23
Mman,SR,ANN,0.96,976,89.57,98.99
Mman,SR,SRE,0.95,495,86.22,98.7
Mman,SR,RF,0.99,990,95.99,99.65
Mman,ACCURACY,GLM,0.96,873,93.36,97.13
Mman,ACCURACY,ANN,0.98,858,97.12,98.25
Mman,ACCURACY,SRE,0.96,495,86.22,98.7
Mman,ACCURACY,RF,0.99,753,98.15,99.45
Mman,BIAS,GLM,1,906,91.28,97.49
Mman,BIAS,ANN,0.99,926,95.34,98.58
Mman,BIAS,SRE,0.91,495,86.22,98.7
Mman,BIAS,RF,1,763,97.89,99.41
Mman,POD,GLM,1,14,100,0
Mman,POD,ANN,1,15,99.85,19.15
Mman,POD,SRE,0.86,495,86.22,98.7
Mman,POD,RF,1,1,100,0
Mman,CSI,GLM,0.85,871,93.43,97.1
Mman,CSI,ANN,0.92,857,97.12,98.25
Mman,CSI,SRE,0.82,495,86.22,98.7
Mman,CSI,RF,0.96,746,98.15,99.45
Mman,ETS,GLM,0.81,871,93.43,97.1
Mman,ETS,ANN,0.89,857,97.12,98.25
Mman,ETS,SRE,0.78,495,86.22,98.7
Mman,ETS,RF,0.95,746,98.15,99.45
Mmem,KAPPA,GLM,0.98,923,99.35,98.85
Mmem,KAPPA,ANN,0.98,752,99.38,98.95
Mmem,KAPPA,SRE,0.89,495,88.92,99.73
Mmem,KAPPA,RF,0.99,442,99.63,99.1
Mmem,TSS,GLM,0.98,923,99.35,98.85
Mmem,TSS,ANN,0.98,752,99.38,98.95
Mmem,TSS,SRE,0.89,495,88.92,99.73
Mmem,TSS,RF,0.99,442,99.63,99.1
Mmem,ROC,GLM,1,NA,NA,NA
Mmem,ROC,ANN,1,NA,NA,NA
Mmem,ROC,SRE,0.94,NA,NA,NA
Mmem,ROC,RF,1,NA,NA,NA
Mmem,FAR,GLM,0.99,980,96.34,99.31
Mmem,FAR,ANN,0.99,984,96.23,99.39
Mmem,FAR,SRE,1,495,88.92,99.73
Mmem,FAR,RF,1,987,97.97,99.6
Mmem,SR,GLM,0.99,980,96.34,99.31
Mmem,SR,ANN,0.99,984,96.23,99.39
Mmem,SR,SRE,1,495,88.92,99.73
Mmem,SR,RF,1,987,97.97,99.6
Mmem,ACCURACY,GLM,0.99,907,99.39,98.8
Mmem,ACCURACY,ANN,0.99,743,99.39,98.95
Mmem,ACCURACY,SRE,0.94,495,88.92,99.73
Mmem,ACCURACY,RF,0.99,421,99.65,99.08
Mmem,BIAS,GLM,1,942,99.06,98.93
Mmem,BIAS,ANN,1,880,99.13,99.02
Mmem,BIAS,SRE,0.89,495,88.92,99.73
Mmem,BIAS,RF,1,724,99.32,99.29
Mmem,POD,GLM,1,2,100,0
Mmem,POD,ANN,1,4,99.99,19.13
Mmem,POD,SRE,0.89,495,88.92,99.73
Mmem,POD,RF,1,1,99.99,19.68
Mmem,CSI,GLM,0.98,904,99.4,98.8
Mmem,CSI,ANN,0.98,734,99.39,98.95
Mmem,CSI,SRE,0.89,495,88.92,99.73
Mmem,CSI,RF,0.99,420,99.65,99.08
Mmem,ETS,GLM,0.96,923,99.35,98.85
Mmem,ETS,ANN,0.97,752,99.38,98.95
Mmem,ETS,SRE,0.79,495,88.92,99.73
Mmem,ETS,RF,0.98,442,99.63,99.1
Pcam,KAPPA,GLM,0.95,804,98.56,98.05
Pcam,KAPPA,ANN,0.96,804,98.63,98.64
Pcam,KAPPA,SRE,0.91,495,88.88,99.37
Pcam,KAPPA,RF,0.97,522,98.49,99.16
Pcam,TSS,GLM,0.97,515,99.49,97.51
Pcam,TSS,ANN,0.98,452,99.33,98.23
Pcam,TSS,SRE,0.88,495,88.88,99.37
Pcam,TSS,RF,0.98,166,99.44,98.59
Pcam,ROC,GLM,0.99,NA,NA,NA
Pcam,ROC,ANN,1,NA,NA,NA
Pcam,ROC,SRE,0.94,NA,NA,NA
Pcam,ROC,RF,1,NA,NA,NA
Pcam,FAR,GLM,0.98,976,88.71,99.27
Pcam,FAR,ANN,0.98,981,91.17,99.39
Pcam,FAR,SRE,0.98,495,88.88,99.37
Pcam,FAR,RF,0.99,988,93.97,99.63
Pcam,SR,GLM,0.98,976,88.71,99.27
Pcam,SR,ANN,0.98,981,91.17,99.39
Pcam,SR,SRE,0.98,495,88.88,99.37
Pcam,SR,RF,0.99,988,93.97,99.63
Pcam,ACCURACY,GLM,0.98,811,98.54,98.07
Pcam,ACCURACY,ANN,0.99,844,98.35,98.69
Pcam,ACCURACY,SRE,0.97,495,88.88,99.37
Pcam,ACCURACY,RF,0.99,523,98.49,99.16
Pcam,BIAS,GLM,1,950,95.92,98.69
Pcam,BIAS,ANN,1,947,96.87,99.01
Pcam,BIAS,SRE,0.91,495,88.88,99.37
Pcam,BIAS,RF,1,706,97.59,99.25
Pcam,POD,GLM,1,43,99.95,38.35
Pcam,POD,ANN,1,2,100,0
Pcam,POD,SRE,0.89,495,88.88,99.37
Pcam,POD,RF,1,6,99.93,39.03
Pcam,CSI,GLM,0.93,804,98.56,98.05
Pcam,CSI,ANN,0.94,804,98.63,98.64
Pcam,CSI,SRE,0.87,495,88.88,99.37
Pcam,CSI,RF,0.96,522,98.49,99.16
Pcam,ETS,GLM,0.91,804,98.56,98.05
Pcam,ETS,ANN,0.93,804,98.63,98.64
Pcam,ETS,SRE,0.84,495,88.88,99.37
Pcam,ETS,RF,0.95,522,98.49,99.16
Smut,KAPPA,GLM,0.97,874,99.28,98.8
Smut,KAPPA,ANN,0.97,769,98.59,99.1
Smut,KAPPA,SRE,0.9,495,86.41,99.72
Smut,KAPPA,RF,0.98,529,99.17,99.51
Smut,TSS,GLM,0.98,844,99.42,98.72
Smut,TSS,ANN,0.98,362,99.7,98.67
Smut,TSS,SRE,0.86,495,86.41,99.72
Smut,TSS,RF,0.99,223,99.61,99.27
Smut,ROC,GLM,1,NA,NA,NA
Smut,ROC,ANN,1,NA,NA,NA
Smut,ROC,SRE,0.93,NA,NA,NA
Smut,ROC,RF,1,NA,NA,NA
Smut,FAR,GLM,0.97,980,95,99.23
Smut,FAR,ANN,0.97,984,96.08,99.35
Smut,FAR,SRE,0.99,495,86.41,99.72
Smut,FAR,RF,0.99,966,96.8,99.72
Smut,SR,GLM,0.97,980,95,99.23
Smut,SR,ANN,0.97,984,96.08,99.35
Smut,SR,SRE,0.99,495,86.41,99.72
Smut,SR,RF,0.99,966,96.8,99.72
Smut,ACCURACY,GLM,0.99,889,99.2,98.82
Smut,ACCURACY,ANN,0.99,857,98.45,99.14
Smut,ACCURACY,SRE,0.97,495,86.41,99.72
Smut,ACCURACY,RF,0.99,543,99.14,99.51
Smut,BIAS,GLM,0.99,969,96.88,99.1
Smut,BIAS,ANN,1,972,97.18,99.27
Smut,BIAS,SRE,0.87,495,86.41,99.72
Smut,BIAS,RF,1,814,98.43,99.6
Smut,POD,GLM,1,2,100,0
Smut,POD,ANN,1,75,99.94,78.32
Smut,POD,SRE,0.86,495,86.41,99.72
Smut,POD,RF,1,34,100,39.45
Smut,CSI,GLM,0.95,874,99.28,98.8
Smut,CSI,ANN,0.95,769,98.59,99.1
Smut,CSI,SRE,0.85,495,86.41,99.72
Smut,CSI,RF,0.97,529,99.17,99.51
Smut,ETS,GLM,0.94,874,99.28,98.8
Smut,ETS,ANN,0.94,769,98.59,99.1
Smut,ETS,SRE,0.82,495,86.41,99.72
Smut,ETS,RF,0.97,529,99.17,99.51
Upin,KAPPA,GLM,0.86,882,97.91,99.34
Upin,KAPPA,ANN,0.88,778,98.21,99.39
Upin,KAPPA,SRE,0.87,495,80.3,99.91
Upin,KAPPA,RF,0.95,943,95.82,99.86
Upin,TSS,GLM,0.98,493,99.4,59.52
Upin,TSS,ANN,0.98,778,98.21,99.39
Upin,TSS,SRE,0.8,495,80.3,99.91
Upin,TSS,RF,0.98,211,99.1,99.37
Upin,ROC,GLM,0.99,NA,NA,NA
Upin,ROC,ANN,0.99,NA,NA,NA
Upin,ROC,SRE,0.9,NA,NA,NA
Upin,ROC,RF,1,NA,NA,NA
Upin,FAR,GLM,0.79,886,97.31,99.37
Upin,FAR,ANN,0.81,973,96.42,99.42
Upin,FAR,SRE,0.96,495,80.3,99.91
Upin,FAR,RF,0.95,968,95.22,99.87
Upin,SR,GLM,0.79,886,97.31,99.37
Upin,SR,ANN,0.81,973,96.42,99.42
Upin,SR,SRE,0.96,495,80.3,99.91
Upin,SR,RF,0.95,968,95.22,99.87
Upin,ACCURACY,GLM,0.99,883,97.91,99.35
Upin,ACCURACY,ANN,0.99,817,97.91,99.4
Upin,ACCURACY,SRE,0.99,495,80.3,99.91
Upin,ACCURACY,RF,1,943,95.82,99.86
Upin,BIAS,GLM,0.78,886,97.31,99.37
Upin,BIAS,ANN,0.8,978,96.42,99.42
Upin,BIAS,SRE,0.84,495,80.3,99.91
Upin,BIAS,RF,0.99,961,95.22,99.85
Upin,POD,GLM,0.99,298,99.4,59.28
Upin,POD,ANN,0.99,275,99.4,77.23
Upin,POD,SRE,0.8,495,80.3,99.91
Upin,POD,RF,1,81,100,39.62
Upin,CSI,GLM,0.77,882,97.91,99.34
Upin,CSI,ANN,0.79,778,98.21,99.39
Upin,CSI,SRE,0.78,495,80.3,99.91
Upin,CSI,RF,0.91,943,95.82,99.86
Upin,ETS,GLM,0.76,882,97.91,99.34
Upin,ETS,ANN,0.79,778,98.21,99.39
Upin,ETS,SRE,0.77,495,80.3,99.91
Upin,ETS,RF,0.91,943,95.82,99.86
